id,contract_id,timestamp,open,high,low,close,volume,timeframe_unit,timeframe_value,uptrendStart,downtrendStart
15983,CON.F.US.MES.M25,2025-03-16 22:00:00+00:00,5679.75,5684.0,5654.25,5666.0,45862.0,3,4,False,False
15982,CON.F.US.MES.M25,2025-03-17 02:00:00+00:00,5666.25,5666.75,5659.25,5662.0,12537.0,3,4,False,False
15981,CON.F.US.MES.M25,2025-03-17 06:00:00+00:00,5661.75,5670.25,5651.25,5666.5,38939.0,3,4,False,False
15980,CON.F.US.MES.M25,2025-03-17 10:00:00+00:00,5666.5,5726.25,5664.75,5719.25,214455.0,3,4,False,False
15979,CON.F.US.MES.M25,2025-03-17 14:00:00+00:00,5719.25,5736.25,5689.75,5733.5,537104.0,3,4,False,False
15978,CON.F.US.MES.M25,2025-03-17 18:00:00+00:00,5733.5,5759.75,5725.5,5732.25,233213.0,3,4,True,False
15977,CON.F.US.MES.M25,2025-03-17 22:00:00+00:00,5732.0,5738.0,5716.5,5717.5,35976.0,3,4,False,False
15976,CON.F.US.MES.M25,2025-03-18 02:00:00+00:00,5717.5,5720.25,5707.75,5713.75,19078.0,3,4,False,False
15975,CON.F.US.MES.M25,2025-03-18 06:00:00+00:00,5713.75,5735.75,5712.0,5723.75,51934.0,3,4,False,False
15974,CON.F.US.MES.M25,2025-03-18 10:00:00+00:00,5723.5,5725.0,5666.75,5668.25,303275.0,3,4,False,True
15973,CON.F.US.MES.M25,2025-03-18 14:00:00+00:00,5668.5,5681.25,5651.0,5668.5,556475.0,3,4,False,False
15972,CON.F.US.MES.M25,2025-03-18 18:00:00+00:00,5668.5,5682.5,5657.25,5669.5,231711.0,3,4,False,False
15971,CON.F.US.MES.M25,2025-03-18 22:00:00+00:00,5669.75,5689.5,5660.75,5682.0,41941.0,3,4,False,False
15970,CON.F.US.MES.M25,2025-03-19 02:00:00+00:00,5682.25,5685.0,5673.25,5676.25,20214.0,3,4,False,False
15969,CON.F.US.MES.M25,2025-03-19 06:00:00+00:00,5676.5,5684.25,5657.5,5683.0,66778.0,3,4,False,False
15968,CON.F.US.MES.M25,2025-03-19 10:00:00+00:00,5682.75,5704.5,5675.25,5699.5,217406.0,3,4,True,False
15967,CON.F.US.MES.M25,2025-03-19 14:00:00+00:00,5699.5,5723.5,5686.25,5693.0,496888.0,3,4,False,False
15966,CON.F.US.MES.M25,2025-03-19 18:00:00+00:00,5690.75,5770.5,5681.0,5729.75,480440.0,3,4,False,False
15965,CON.F.US.MES.M25,2025-03-19 22:00:00+00:00,5733.25,5752.75,5729.75,5746.75,29052.0,3,4,False,False
15964,CON.F.US.MES.M25,2025-03-20 02:00:00+00:00,5747.0,5760.0,5746.5,5758.0,16130.0,3,4,False,False
15963,CON.F.US.MES.M25,2025-03-20 06:00:00+00:00,5757.75,5758.75,5726.25,5729.75,48153.0,3,4,False,True
15962,CON.F.US.MES.M25,2025-03-20 10:00:00+00:00,5730.0,5730.5,5682.5,5725.25,290402.0,3,4,False,False
15961,CON.F.US.MES.M25,2025-03-20 14:00:00+00:00,5725.25,5765.25,5704.5,5709.75,655720.0,3,4,False,False
15960,CON.F.US.MES.M25,2025-03-20 18:00:00+00:00,5710.0,5724.5,5695.0,5716.25,305342.0,3,4,True,False
15959,CON.F.US.MES.M25,2025-03-20 22:00:00+00:00,5715.75,5723.75,5705.75,5722.25,32330.0,3,4,False,False
15958,CON.F.US.MES.M25,2025-03-21 02:00:00+00:00,5722.25,5722.75,5699.25,5705.5,25553.0,3,4,False,True
15957,CON.F.US.MES.M25,2025-03-21 06:00:00+00:00,5705.25,5717.25,5684.0,5693.25,62446.0,3,4,False,False
15956,CON.F.US.MES.M25,2025-03-21 10:00:00+00:00,5693.5,5705.0,5651.25,5670.75,259468.0,3,4,False,False
15955,CON.F.US.MES.M25,2025-03-21 14:00:00+00:00,5671.0,5712.25,5652.5,5702.0,643703.0,3,4,True,False
15954,CON.F.US.MES.M25,2025-03-21 18:00:00+00:00,5702.0,5722.25,5688.0,5720.0,251367.0,3,4,False,False
15953,CON.F.US.MES.M25,2025-03-23 22:00:00+00:00,5740.0,5757.25,5739.75,5754.75,56978.0,3,4,False,False
15952,CON.F.US.MES.M25,2025-03-24 02:00:00+00:00,5754.5,5758.5,5751.5,5755.75,15510.0,3,4,False,False
15951,CON.F.US.MES.M25,2025-03-24 06:00:00+00:00,5755.75,5780.5,5755.0,5772.25,48829.0,3,4,False,False
15950,CON.F.US.MES.M25,2025-03-24 10:00:00+00:00,5772.25,5804.5,5770.5,5801.5,159140.0,3,4,False,False
15949,CON.F.US.MES.M25,2025-03-24 14:00:00+00:00,5802.0,5819.25,5794.5,5806.0,378177.0,3,4,False,False
15948,CON.F.US.MES.M25,2025-03-24 18:00:00+00:00,5805.5,5825.5,5795.0,5813.0,208233.0,3,4,False,False
15947,CON.F.US.MES.M25,2025-03-24 22:00:00+00:00,5813.25,5816.25,5806.75,5813.25,24767.0,3,4,False,False
15946,CON.F.US.MES.M25,2025-03-25 02:00:00+00:00,5813.25,5813.25,5805.25,5807.5,11873.0,3,4,False,False
15945,CON.F.US.MES.M25,2025-03-25 06:00:00+00:00,5807.25,5813.75,5801.5,5811.5,28566.0,3,4,False,False
15944,CON.F.US.MES.M25,2025-03-25 10:00:00+00:00,5811.25,5834.0,5805.5,5819.75,156435.0,3,4,False,False
15943,CON.F.US.MES.M25,2025-03-25 14:00:00+00:00,5819.75,5837.25,5812.0,5813.75,349538.0,3,4,False,True
15942,CON.F.US.MES.M25,2025-03-25 18:00:00+00:00,5813.75,5832.25,5808.5,5831.75,198293.0,3,4,False,False
15941,CON.F.US.MES.M25,2025-03-25 22:00:00+00:00,5831.0,5836.5,5828.75,5830.5,20159.0,3,4,True,False
15940,CON.F.US.MES.M25,2025-03-26 02:00:00+00:00,5830.75,5831.5,5819.0,5819.5,15317.0,3,4,False,False
15939,CON.F.US.MES.M25,2025-03-26 06:00:00+00:00,5819.75,5828.5,5814.5,5815.0,34108.0,3,4,False,False
15938,CON.F.US.MES.M25,2025-03-26 10:00:00+00:00,5814.5,5834.5,5805.5,5808.5,182652.0,3,4,False,False
15937,CON.F.US.MES.M25,2025-03-26 14:00:00+00:00,5808.5,5817.5,5750.5,5751.5,567084.0,3,4,False,True
15936,CON.F.US.MES.M25,2025-03-26 18:00:00+00:00,5751.75,5767.5,5743.0,5754.75,257103.0,3,4,False,False
15935,CON.F.US.MES.M25,2025-03-26 22:00:00+00:00,5738.25,5755.25,5730.5,5753.5,60772.0,3,4,False,False
15934,CON.F.US.MES.M25,2025-03-27 02:00:00+00:00,5753.75,5771.75,5753.5,5764.25,25795.0,3,4,True,False
15933,CON.F.US.MES.M25,2025-03-27 06:00:00+00:00,5764.5,5773.0,5742.75,5765.75,56751.0,3,4,False,False
15932,CON.F.US.MES.M25,2025-03-27 10:00:00+00:00,5765.5,5770.0,5720.0,5754.0,246847.0,3,4,False,True
15931,CON.F.US.MES.M25,2025-03-27 14:00:00+00:00,5753.75,5779.75,5733.75,5737.25,555731.0,3,4,False,False
15930,CON.F.US.MES.M25,2025-03-27 18:00:00+00:00,5737.0,5771.25,5736.0,5741.75,273472.0,3,4,False,False
15929,CON.F.US.MES.M25,2025-03-27 22:00:00+00:00,5742.0,5744.5,5728.25,5738.25,32637.0,3,4,False,False
15928,CON.F.US.MES.M25,2025-03-28 02:00:00+00:00,5738.0,5745.75,5737.5,5742.5,16212.0,3,4,False,False
15927,CON.F.US.MES.M25,2025-03-28 06:00:00+00:00,5742.25,5748.0,5711.75,5724.75,64355.0,3,4,False,False
15926,CON.F.US.MES.M25,2025-03-28 10:00:00+00:00,5724.75,5739.75,5705.25,5707.25,249755.0,3,4,False,False
15925,CON.F.US.MES.M25,2025-03-28 14:00:00+00:00,5707.25,5711.25,5618.75,5630.75,653260.0,3,4,False,False
15924,CON.F.US.MES.M25,2025-03-28 18:00:00+00:00,5630.75,5636.5,5602.25,5602.75,243433.0,3,4,False,False
15923,CON.F.US.MES.M25,2025-03-30 22:00:00+00:00,5590.0,5600.0,5573.5,5585.25,89109.0,3,4,False,False
15922,CON.F.US.MES.M25,2025-03-31 02:00:00+00:00,5585.25,5591.75,5574.25,5585.75,41860.0,3,4,False,False
15921,CON.F.US.MES.M25,2025-03-31 06:00:00+00:00,5585.5,5591.75,5562.5,5569.25,91406.0,3,4,False,False
15920,CON.F.US.MES.M25,2025-03-31 10:00:00+00:00,5568.75,5577.5,5533.75,5562.5,290045.0,3,4,False,False
15919,CON.F.US.MES.M25,2025-03-31 14:00:00+00:00,5562.75,5617.25,5559.0,5596.75,670589.0,3,4,True,False
15918,CON.F.US.MES.M25,2025-03-31 18:00:00+00:00,5596.75,5672.5,5595.25,5645.0,509548.0,3,4,False,False
15917,CON.F.US.MES.M25,2025-03-31 22:00:00+00:00,5643.75,5645.75,5619.25,5631.25,62413.0,3,4,False,False
15916,CON.F.US.MES.M25,2025-04-01 02:00:00+00:00,5631.0,5642.0,5628.0,5633.5,25826.0,3,4,False,False
15915,CON.F.US.MES.M25,2025-04-01 06:00:00+00:00,5633.25,5663.5,5631.25,5659.25,67472.0,3,4,False,False
15914,CON.F.US.MES.M25,2025-04-01 10:00:00+00:00,5660.0,5660.5,5618.0,5635.25,291703.0,3,4,False,False
15913,CON.F.US.MES.M25,2025-04-01 14:00:00+00:00,5635.0,5694.75,5600.25,5654.25,813636.0,3,4,False,False
15912,CON.F.US.MES.M25,2025-04-01 18:00:00+00:00,5654.5,5679.75,5625.75,5672.25,353391.0,3,4,False,False
15911,CON.F.US.MES.M25,2025-04-01 22:00:00+00:00,5672.25,5694.75,5662.5,5669.75,58062.0,3,4,False,False
15910,CON.F.US.MES.M25,2025-04-02 02:00:00+00:00,5670.25,5671.25,5661.25,5663.5,17654.0,3,4,False,False
15909,CON.F.US.MES.M25,2025-04-02 06:00:00+00:00,5663.5,5672.25,5652.25,5654.5,59174.0,3,4,False,False
15908,CON.F.US.MES.M25,2025-04-02 10:00:00+00:00,5654.5,5661.5,5610.75,5650.75,323982.0,3,4,False,False
15907,CON.F.US.MES.M25,2025-04-02 14:00:00+00:00,5650.75,5739.25,5646.5,5705.5,833071.0,3,4,False,False
15906,CON.F.US.MES.M25,2025-04-02 18:00:00+00:00,5705.5,5776.25,5566.5,5585.0,618781.0,3,4,False,True
15905,CON.F.US.MES.M25,2025-04-02 22:00:00+00:00,5554.75,5564.5,5481.25,5551.75,205905.0,3,4,False,False
15904,CON.F.US.MES.M25,2025-04-03 02:00:00+00:00,5551.75,5565.0,5536.0,5537.25,61774.0,3,4,False,False
15903,CON.F.US.MES.M25,2025-04-03 06:00:00+00:00,5537.5,5557.5,5522.25,5525.75,122558.0,3,4,False,False
15902,CON.F.US.MES.M25,2025-04-03 10:00:00+00:00,5525.75,5540.25,5491.5,5510.25,365423.0,3,4,False,False
15901,CON.F.US.MES.M25,2025-04-03 14:00:00+00:00,5509.0,5524.5,5454.75,5478.5,849503.0,3,4,False,False
15900,CON.F.US.MES.M25,2025-04-03 18:00:00+00:00,5478.5,5485.5,5415.25,5421.0,421532.0,3,4,False,False
15899,CON.F.US.MES.M25,2025-04-03 22:00:00+00:00,5421.5,5435.0,5407.25,5414.25,73850.0,3,4,False,False
15898,CON.F.US.MES.M25,2025-04-04 02:00:00+00:00,5414.5,5425.0,5380.5,5421.25,74450.0,3,4,False,False
15897,CON.F.US.MES.M25,2025-04-04 06:00:00+00:00,5421.0,5428.75,5376.5,5388.25,119395.0,3,4,False,False
15896,CON.F.US.MES.M25,2025-04-04 10:00:00+00:00,5388.75,5395.5,5210.75,5287.0,461901.0,3,4,False,False
15895,CON.F.US.MES.M25,2025-04-04 14:00:00+00:00,5287.0,5288.0,5135.75,5199.5,1108614.0,3,4,False,False
15894,CON.F.US.MES.M25,2025-04-04 18:00:00+00:00,5199.5,5212.25,5074.0,5097.0,569338.0,3,4,False,False
15893,CON.F.US.MES.M25,2025-04-06 22:00:00+00:00,5007.0,5008.0,4832.5,4987.5,372170.0,3,4,False,False
15892,CON.F.US.MES.M25,2025-04-07 02:00:00+00:00,4987.75,4993.0,4903.75,4926.75,203233.0,3,4,False,False
15891,CON.F.US.MES.M25,2025-04-07 06:00:00+00:00,4926.5,4960.0,4842.25,4936.25,327104.0,3,4,False,False
15890,CON.F.US.MES.M25,2025-04-07 10:00:00+00:00,4936.5,5040.5,4867.0,5007.5,665616.0,3,4,False,False
15889,CON.F.US.MES.M25,2025-04-07 14:00:00+00:00,5007.25,5285.75,4977.25,5142.75,1577510.0,3,4,False,False
15888,CON.F.US.MES.M25,2025-04-07 18:00:00+00:00,5143.25,5158.25,5053.25,5118.25,601805.0,3,4,False,False
15887,CON.F.US.MES.M25,2025-04-07 22:00:00+00:00,5125.0,5187.5,5117.5,5184.75,157067.0,3,4,True,False
15886,CON.F.US.MES.M25,2025-04-08 02:00:00+00:00,5184.5,5186.75,5141.0,5163.0,82579.0,3,4,False,False
15885,CON.F.US.MES.M25,2025-04-08 06:00:00+00:00,5163.25,5191.75,5151.5,5159.25,153841.0,3,4,False,False
15884,CON.F.US.MES.M25,2025-04-08 10:00:00+00:00,5159.0,5287.0,5151.5,5280.0,497446.0,3,4,False,False
15883,CON.F.US.MES.M25,2025-04-08 14:00:00+00:00,5280.0,5304.5,5069.25,5118.75,1217326.0,3,4,False,True
15882,CON.F.US.MES.M25,2025-04-08 18:00:00+00:00,5118.75,5129.0,4940.5,5012.0,669090.0,3,4,False,False
15881,CON.F.US.MES.M25,2025-04-08 22:00:00+00:00,5007.0,5014.0,4912.25,4980.5,250650.0,3,4,False,False
15880,CON.F.US.MES.M25,2025-04-09 02:00:00+00:00,4980.5,4999.75,4873.5,4914.75,184842.0,3,4,False,False
15879,CON.F.US.MES.M25,2025-04-09 06:00:00+00:00,4914.75,5060.25,4913.5,5005.0,216787.0,3,4,True,False
15878,CON.F.US.MES.M25,2025-04-09 10:00:00+00:00,5005.5,5070.75,4901.75,5048.25,493485.0,3,4,False,False
15877,CON.F.US.MES.M25,2025-04-09 14:00:00+00:00,5048.25,5420.25,4980.25,5404.0,1223601.0,3,4,False,False
15876,CON.F.US.MES.M25,2025-04-09 18:00:00+00:00,5404.25,5519.75,5352.0,5514.5,700880.0,3,4,False,False
15875,CON.F.US.MES.M25,2025-04-09 22:00:00+00:00,5502.5,5528.75,5464.25,5475.5,126745.0,3,4,False,False
15874,CON.F.US.MES.M25,2025-04-10 02:00:00+00:00,5475.75,5482.75,5441.0,5471.5,83298.0,3,4,False,False
15873,CON.F.US.MES.M25,2025-04-10 06:00:00+00:00,5471.5,5488.5,5359.75,5379.75,170598.0,3,4,False,True
15872,CON.F.US.MES.M25,2025-04-10 10:00:00+00:00,5380.25,5430.0,5338.0,5343.25,415414.0,3,4,False,False
15871,CON.F.US.MES.M25,2025-04-10 14:00:00+00:00,5343.25,5373.75,5146.75,5295.5,1395896.0,3,4,False,False
15870,CON.F.US.MES.M25,2025-04-10 18:00:00+00:00,5295.5,5351.75,5234.5,5303.75,721198.0,3,4,False,False
15869,CON.F.US.MES.M25,2025-04-10 22:00:00+00:00,5300.0,5330.0,5206.75,5270.5,173763.0,3,4,False,False
15868,CON.F.US.MES.M25,2025-04-11 02:00:00+00:00,5270.25,5361.25,5244.0,5357.75,127587.0,3,4,True,False
15867,CON.F.US.MES.M25,2025-04-11 06:00:00+00:00,5358.0,5379.5,5257.0,5341.5,204580.0,3,4,False,False
15866,CON.F.US.MES.M25,2025-04-11 10:00:00+00:00,5341.25,5359.0,5262.0,5314.75,406902.0,3,4,False,False
15865,CON.F.US.MES.M25,2025-04-11 14:00:00+00:00,5315.0,5417.75,5251.25,5399.25,968827.0,3,4,False,False
15864,CON.F.US.MES.M25,2025-04-11 18:00:00+00:00,5399.25,5409.5,5367.75,5396.0,353166.0,3,4,False,False
15863,CON.F.US.MES.M25,2025-04-13 22:00:00+00:00,5447.25,5477.0,5409.75,5427.5,131048.0,3,4,False,False
15862,CON.F.US.MES.M25,2025-04-14 02:00:00+00:00,5428.0,5458.0,5425.0,5447.75,58097.0,3,4,False,False
15861,CON.F.US.MES.M25,2025-04-14 06:00:00+00:00,5447.25,5474.75,5441.5,5455.25,82132.0,3,4,False,False
15860,CON.F.US.MES.M25,2025-04-14 10:00:00+00:00,5455.25,5497.75,5444.0,5458.0,282032.0,3,4,False,False
15859,CON.F.US.MES.M25,2025-04-14 14:00:00+00:00,5458.0,5492.0,5391.0,5442.25,851240.0,3,4,False,False
15858,CON.F.US.MES.M25,2025-04-14 18:00:00+00:00,5442.25,5479.25,5405.75,5432.0,317528.0,3,4,False,False
15857,CON.F.US.MES.M25,2025-04-14 22:00:00+00:00,5432.0,5442.75,5413.0,5432.25,64720.0,3,4,False,False
15856,CON.F.US.MES.M25,2025-04-15 02:00:00+00:00,5432.25,5440.25,5424.75,5432.25,40817.0,3,4,False,False
15855,CON.F.US.MES.M25,2025-04-15 06:00:00+00:00,5432.0,5463.5,5427.75,5445.25,87921.0,3,4,False,False
15854,CON.F.US.MES.M25,2025-04-15 10:00:00+00:00,5445.25,5482.0,5413.0,5467.0,267201.0,3,4,False,False
15853,CON.F.US.MES.M25,2025-04-15 14:00:00+00:00,5467.5,5485.0,5423.75,5434.75,730693.0,3,4,False,False
15852,CON.F.US.MES.M25,2025-04-15 18:00:00+00:00,5434.75,5444.75,5419.5,5425.25,294794.0,3,4,False,False
15851,CON.F.US.MES.M25,2025-04-15 22:00:00+00:00,5406.0,5406.5,5367.25,5385.0,84900.0,3,4,False,True
15850,CON.F.US.MES.M25,2025-04-16 02:00:00+00:00,5385.5,5390.0,5339.75,5347.25,65307.0,3,4,False,False
15849,CON.F.US.MES.M25,2025-04-16 06:00:00+00:00,5347.0,5425.5,5342.0,5383.0,144606.0,3,4,False,False
15848,CON.F.US.MES.M25,2025-04-16 10:00:00+00:00,5383.0,5396.75,5348.5,5348.5,273420.0,3,4,False,False
15847,CON.F.US.MES.M25,2025-04-16 14:00:00+00:00,5348.75,5401.0,5287.5,5289.0,704893.0,3,4,False,False
15846,CON.F.US.MES.M25,2025-04-16 18:00:00+00:00,5289.0,5317.0,5250.75,5300.0,507084.0,3,4,True,False
15845,CON.F.US.MES.M25,2025-04-16 22:00:00+00:00,5306.75,5332.5,5293.0,5328.75,81992.0,3,4,False,False
15844,CON.F.US.MES.M25,2025-04-17 02:00:00+00:00,5328.5,5355.5,5321.0,5350.5,42574.0,3,4,False,False
15843,CON.F.US.MES.M25,2025-04-17 06:00:00+00:00,5350.25,5373.75,5341.75,5350.0,93363.0,3,4,False,False
15842,CON.F.US.MES.M25,2025-04-17 10:00:00+00:00,5349.75,5356.5,5309.0,5334.0,335853.0,3,4,False,False
15841,CON.F.US.MES.M25,2025-04-17 14:00:00+00:00,5333.75,5351.75,5285.5,5342.5,751909.0,3,4,False,False
15840,CON.F.US.MES.M25,2025-04-17 18:00:00+00:00,5343.0,5359.75,5304.25,5325.75,269068.0,3,4,False,False
15839,CON.F.US.MES.M25,2025-04-20 22:00:00+00:00,5284.25,5309.5,5273.0,5280.0,94086.0,3,4,False,True
15838,CON.F.US.MES.M25,2025-04-21 02:00:00+00:00,5280.0,5285.0,5259.5,5274.75,49308.0,3,4,False,False
15837,CON.F.US.MES.M25,2025-04-21 06:00:00+00:00,5274.75,5278.0,5250.0,5256.5,42897.0,3,4,False,False
15836,CON.F.US.MES.M25,2025-04-21 10:00:00+00:00,5256.5,5270.0,5220.0,5220.5,226923.0,3,4,False,False
15835,CON.F.US.MES.M25,2025-04-21 14:00:00+00:00,5220.5,5220.5,5130.5,5132.75,601497.0,3,4,False,False
15834,CON.F.US.MES.M25,2025-04-21 18:00:00+00:00,5133.0,5193.25,5127.0,5184.0,364850.0,3,4,True,False
15833,CON.F.US.MES.M25,2025-04-21 22:00:00+00:00,5183.0,5224.0,5171.75,5214.25,76211.0,3,4,False,False
15832,CON.F.US.MES.M25,2025-04-22 02:00:00+00:00,5214.25,5218.75,5198.0,5207.0,48052.0,3,4,False,False
15831,CON.F.US.MES.M25,2025-04-22 06:00:00+00:00,5206.75,5254.5,5203.25,5233.5,79828.0,3,4,False,False
15830,CON.F.US.MES.M25,2025-04-22 10:00:00+00:00,5233.25,5267.75,5216.75,5264.0,243624.0,3,4,False,False
15829,CON.F.US.MES.M25,2025-04-22 14:00:00+00:00,5264.0,5339.25,5262.25,5263.0,827255.0,3,4,False,True
15828,CON.F.US.MES.M25,2025-04-22 18:00:00+00:00,5263.25,5329.75,5262.0,5315.0,356370.0,3,4,False,False
15827,CON.F.US.MES.M25,2025-04-22 22:00:00+00:00,5375.0,5424.0,5375.0,5382.5,139983.0,3,4,True,False
15826,CON.F.US.MES.M25,2025-04-23 02:00:00+00:00,5382.5,5405.5,5378.5,5401.75,46196.0,3,4,False,False
15825,CON.F.US.MES.M25,2025-04-23 06:00:00+00:00,5402.0,5434.25,5392.5,5427.5,62204.0,3,4,False,False
15824,CON.F.US.MES.M25,2025-04-23 10:00:00+00:00,5427.5,5496.75,5425.0,5482.25,294845.0,3,4,False,False
15823,CON.F.US.MES.M25,2025-04-23 14:00:00+00:00,5482.25,5500.0,5385.5,5429.75,831991.0,3,4,False,True
15822,CON.F.US.MES.M25,2025-04-23 18:00:00+00:00,5429.75,5435.25,5383.75,5410.5,421199.0,3,4,False,False
15821,CON.F.US.MES.M25,2025-04-23 22:00:00+00:00,5408.0,5421.25,5388.5,5398.0,66074.0,3,4,False,False
15820,CON.F.US.MES.M25,2025-04-24 02:00:00+00:00,5398.0,5404.75,5372.0,5381.25,45798.0,3,4,False,False
15819,CON.F.US.MES.M25,2025-04-24 06:00:00+00:00,5381.25,5398.25,5355.5,5376.75,90873.0,3,4,False,False
15818,CON.F.US.MES.M25,2025-04-24 10:00:00+00:00,5377.0,5441.5,5375.25,5439.5,286979.0,3,4,True,False
15817,CON.F.US.MES.M25,2025-04-24 14:00:00+00:00,5439.5,5504.5,5435.0,5499.0,744979.0,3,4,False,False
15816,CON.F.US.MES.M25,2025-04-24 18:00:00+00:00,5499.0,5543.5,5488.5,5519.5,346505.0,3,4,False,False
15815,CON.F.US.MES.M25,2025-04-24 22:00:00+00:00,5528.0,5542.75,5517.5,5530.0,60777.0,3,4,False,False
15814,CON.F.US.MES.M25,2025-04-25 02:00:00+00:00,5529.75,5553.25,5520.25,5535.0,52970.0,3,4,False,False
15813,CON.F.US.MES.M25,2025-04-25 06:00:00+00:00,5535.0,5549.25,5519.5,5531.0,75195.0,3,4,False,False
15812,CON.F.US.MES.M25,2025-04-25 10:00:00+00:00,5531.25,5537.0,5486.75,5492.25,298654.0,3,4,False,True
15811,CON.F.US.MES.M25,2025-04-25 14:00:00+00:00,5492.0,5554.5,5480.0,5523.25,686377.0,3,4,False,False
15810,CON.F.US.MES.M25,2025-04-25 18:00:00+00:00,5523.0,5563.25,5519.0,5552.75,297497.0,3,4,True,False
15809,CON.F.US.MES.M25,2025-04-27 22:00:00+00:00,5543.75,5547.75,5516.75,5524.25,57239.0,3,4,False,False
15808,CON.F.US.MES.M25,2025-04-28 02:00:00+00:00,5524.0,5529.25,5515.25,5519.5,23789.0,3,4,False,False
15807,CON.F.US.MES.M25,2025-04-28 06:00:00+00:00,5519.5,5549.25,5519.5,5543.5,42622.0,3,4,False,False
15806,CON.F.US.MES.M25,2025-04-28 10:00:00+00:00,5543.5,5578.75,5530.0,5545.25,200669.0,3,4,False,False
15805,CON.F.US.MES.M25,2025-04-28 14:00:00+00:00,5545.5,5564.25,5492.75,5519.75,645806.0,3,4,False,False
15804,CON.F.US.MES.M25,2025-04-28 18:00:00+00:00,5520.0,5565.75,5516.25,5545.25,257582.0,3,4,False,False
15803,CON.F.US.MES.M25,2025-04-28 22:00:00+00:00,5544.0,5568.5,5537.25,5567.5,37467.0,3,4,False,False
15802,CON.F.US.MES.M25,2025-04-29 02:00:00+00:00,5567.5,5573.75,5552.75,5553.75,34177.0,3,4,False,False
15801,CON.F.US.MES.M25,2025-04-29 06:00:00+00:00,5554.0,5573.75,5552.25,5563.75,40264.0,3,4,False,False
15800,CON.F.US.MES.M25,2025-04-29 10:00:00+00:00,5563.5,5567.5,5521.0,5549.0,250277.0,3,4,False,False
15799,CON.F.US.MES.M25,2025-04-29 14:00:00+00:00,5549.25,5594.0,5536.0,5590.25,677798.0,3,4,False,False
15798,CON.F.US.MES.M25,2025-04-29 18:00:00+00:00,5590.5,5597.5,5576.5,5582.25,260126.0,3,4,False,False
15797,CON.F.US.MES.M25,2025-04-29 22:00:00+00:00,5580.25,5583.0,5556.25,5558.75,43528.0,3,4,False,True
15796,CON.F.US.MES.M25,2025-04-30 02:00:00+00:00,5558.5,5562.5,5548.5,5562.0,30268.0,3,4,False,False
15795,CON.F.US.MES.M25,2025-04-30 06:00:00+00:00,5561.75,5582.25,5561.0,5576.5,42238.0,3,4,True,False
15794,CON.F.US.MES.M25,2025-04-30 10:00:00+00:00,5576.25,5580.0,5455.25,5458.5,336778.0,3,4,False,False
15793,CON.F.US.MES.M25,2025-04-30 14:00:00+00:00,5459.75,5553.0,5456.5,5546.0,831716.0,3,4,False,False
15792,CON.F.US.MES.M25,2025-04-30 18:00:00+00:00,5546.25,5628.75,5532.0,5618.5,521501.0,3,4,False,False
15791,CON.F.US.MES.M25,2025-04-30 22:00:00+00:00,5618.0,5644.0,5614.25,5641.0,69495.0,3,4,False,False
15790,CON.F.US.MES.M25,2025-05-01 02:00:00+00:00,5641.25,5653.75,5634.0,5641.25,32153.0,3,4,False,False
15789,CON.F.US.MES.M25,2025-05-01 06:00:00+00:00,5641.5,5662.0,5635.0,5660.25,42101.0,3,4,False,False
15788,CON.F.US.MES.M25,2025-05-01 10:00:00+00:00,5660.5,5662.5,5626.75,5639.5,235940.0,3,4,False,False
15787,CON.F.US.MES.M25,2025-05-01 14:00:00+00:00,5639.5,5675.5,5629.0,5646.75,469449.0,3,4,False,False
15786,CON.F.US.MES.M25,2025-05-01 18:00:00+00:00,5646.75,5668.5,5601.5,5611.0,321893.0,3,4,False,True
15785,CON.F.US.MES.M25,2025-05-01 22:00:00+00:00,5608.0,5672.75,5600.75,5662.0,87273.0,3,4,False,False
15784,CON.F.US.MES.M25,2025-05-02 02:00:00+00:00,5662.0,5675.0,5655.25,5659.0,38085.0,3,4,True,False
15783,CON.F.US.MES.M25,2025-05-02 06:00:00+00:00,5659.0,5662.25,5633.5,5646.75,57422.0,3,4,False,False
15782,CON.F.US.MES.M25,2025-05-02 10:00:00+00:00,5646.75,5699.25,5640.25,5675.5,256593.0,3,4,False,False
15781,CON.F.US.MES.M25,2025-05-02 14:00:00+00:00,5676.0,5721.5,5672.25,5713.0,566296.0,3,4,False,False
15780,CON.F.US.MES.M25,2025-05-02 18:00:00+00:00,5713.25,5724.5,5700.0,5710.75,303321.0,3,4,False,False
15779,CON.F.US.MES.M25,2025-05-04 22:00:00+00:00,5705.25,5707.0,5660.25,5661.75,73242.0,3,4,False,True
15778,CON.F.US.MES.M25,2025-05-05 02:00:00+00:00,5661.75,5673.25,5660.5,5670.5,40301.0,3,4,False,False
15777,CON.F.US.MES.M25,2025-05-05 06:00:00+00:00,5670.5,5680.25,5655.25,5664.25,50760.0,3,4,False,False
15776,CON.F.US.MES.M25,2025-05-05 10:00:00+00:00,5664.25,5672.0,5655.25,5669.0,165154.0,3,4,True,False
15775,CON.F.US.MES.M25,2025-05-05 14:00:00+00:00,5669.0,5700.0,5662.5,5695.75,474006.0,3,4,False,False
15774,CON.F.US.MES.M25,2025-05-05 18:00:00+00:00,5695.75,5706.0,5665.25,5671.5,231853.0,3,4,False,False
15773,CON.F.US.MES.M25,2025-05-05 22:00:00+00:00,5667.0,5673.5,5656.5,5659.0,41010.0,3,4,False,False
15772,CON.F.US.MES.M25,2025-05-06 02:00:00+00:00,5659.0,5663.5,5646.0,5649.0,29149.0,3,4,False,True
15771,CON.F.US.MES.M25,2025-05-06 06:00:00+00:00,5648.75,5660.75,5624.0,5633.5,65509.0,3,4,False,False
15770,CON.F.US.MES.M25,2025-05-06 10:00:00+00:00,5633.5,5642.75,5607.0,5611.25,230855.0,3,4,False,False
15769,CON.F.US.MES.M25,2025-05-06 14:00:00+00:00,5611.5,5671.75,5608.25,5621.75,650635.0,3,4,False,False
15768,CON.F.US.MES.M25,2025-05-06 18:00:00+00:00,5621.75,5651.75,5605.0,5615.5,295966.0,3,4,False,False
15767,CON.F.US.MES.M25,2025-05-06 22:00:00+00:00,5609.5,5690.75,5608.25,5669.25,118761.0,3,4,True,False
15766,CON.F.US.MES.M25,2025-05-07 02:00:00+00:00,5669.5,5670.0,5651.0,5652.75,36423.0,3,4,False,False
15765,CON.F.US.MES.M25,2025-05-07 06:00:00+00:00,5652.5,5662.5,5646.0,5656.75,37445.0,3,4,False,True
15764,CON.F.US.MES.M25,2025-05-07 10:00:00+00:00,5656.75,5667.25,5631.0,5651.0,190984.0,3,4,False,False
15763,CON.F.US.MES.M25,2025-05-07 14:00:00+00:00,5651.0,5656.5,5620.0,5627.75,464617.0,3,4,False,False
15762,CON.F.US.MES.M25,2025-05-07 18:00:00+00:00,5630.25,5675.0,5596.0,5646.5,487891.0,3,4,True,False
15761,CON.F.US.MES.M25,2025-05-07 22:00:00+00:00,5645.75,5684.75,5636.5,5671.0,77357.0,3,4,False,False
15760,CON.F.US.MES.M25,2025-05-08 02:00:00+00:00,5671.0,5700.75,5670.75,5691.5,50395.0,3,4,False,False
15759,CON.F.US.MES.M25,2025-05-08 06:00:00+00:00,5691.5,5715.75,5682.75,5711.75,54903.0,3,4,False,False
15758,CON.F.US.MES.M25,2025-05-08 10:00:00+00:00,5712.0,5717.75,5671.5,5677.75,208748.0,3,4,False,True
15757,CON.F.US.MES.M25,2025-05-08 14:00:00+00:00,5677.75,5741.0,5652.75,5714.25,674758.0,3,4,False,False
15756,CON.F.US.MES.M25,2025-05-08 18:00:00+00:00,5714.0,5732.0,5682.25,5684.75,320803.0,3,4,True,False
15755,CON.F.US.MES.M25,2025-05-08 22:00:00+00:00,5687.75,5690.75,5665.25,5685.0,50691.0,3,4,False,False
15754,CON.F.US.MES.M25,2025-05-09 02:00:00+00:00,5685.0,5695.5,5676.25,5692.0,46849.0,3,4,False,False
15753,CON.F.US.MES.M25,2025-05-09 06:00:00+00:00,5691.75,5698.25,5682.25,5692.5,41830.0,3,4,False,False
15752,CON.F.US.MES.M25,2025-05-09 10:00:00+00:00,5692.75,5715.75,5676.0,5705.0,189248.0,3,4,False,False
15751,CON.F.US.MES.M25,2025-05-09 14:00:00+00:00,5704.75,5708.5,5662.75,5687.0,583479.0,3,4,False,False
15750,CON.F.US.MES.M25,2025-05-09 18:00:00+00:00,5687.0,5694.0,5674.0,5683.75,229056.0,3,4,False,False
15749,CON.F.US.MES.M25,2025-05-11 22:00:00+00:00,5743.5,5773.5,5734.0,5755.75,109222.0,3,4,False,False
15748,CON.F.US.MES.M25,2025-05-12 02:00:00+00:00,5755.5,5766.5,5752.5,5763.75,27787.0,3,4,False,False
15747,CON.F.US.MES.M25,2025-05-12 06:00:00+00:00,5763.75,5852.5,5759.25,5839.25,161971.0,3,4,False,False
15746,CON.F.US.MES.M25,2025-05-12 10:00:00+00:00,5839.0,5865.5,5819.0,5823.0,320961.0,3,4,False,True
15745,CON.F.US.MES.M25,2025-05-12 14:00:00+00:00,5823.5,5860.75,5805.75,5851.0,618581.0,3,4,False,False
15744,CON.F.US.MES.M25,2025-05-12 18:00:00+00:00,5851.25,5876.25,5844.0,5868.25,258636.0,3,4,True,False
15743,CON.F.US.MES.M25,2025-05-12 22:00:00+00:00,5868.0,5870.0,5846.5,5849.75,48926.0,3,4,False,False
15742,CON.F.US.MES.M25,2025-05-13 02:00:00+00:00,5849.75,5854.5,5841.5,5842.0,18257.0,3,4,False,True
16327,CON.F.US.MES.M25,2025-05-13 06:00:00+00:00,5845.75,5851.0,5837.75,5850.0,44983.0,3,4,False,False
16326,CON.F.US.MES.M25,2025-05-13 10:00:00+00:00,5850.25,5895.25,5845.0,5888.25,204735.0,3,4,True,False
16325,CON.F.US.MES.M25,2025-05-13 14:00:00+00:00,5888.25,5926.75,5887.75,5914.75,481581.0,3,4,False,False
16324,CON.F.US.MES.M25,2025-05-13 18:00:00+00:00,5915.25,5926.75,5902.25,5903.5,208019.0,3,4,False,False
